{"stats":{"minecraft:dropped":{"minecraft:wooden_axe":2,"minecraft:wooden_pickaxe":1},"minecraft:picked_up":{"minecraft:wooden_axe":1,"minecraft:raw_iron":2,"minecraft:crafting_table":4,"minecraft:feather":5,"minecraft:chicken":4,"minecraft:big_dripleaf":2,"minecraft:torch":2,"minecraft:porkchop":2,"minecraft:pointed_dripstone":55,"minecraft:dark_oak_log":58,"minecraft:dirt":5,"minecraft:bone":2,"minecraft:oak_sapling":1,"minecraft:mutton":2,"minecraft:coal":63,"minecraft:furnace":1,"minecraft:white_wool":1,"minecraft:cobblestone":90,"minecraft:egg":2},"minecraft:custom":{"minecraft:time_since_rest":27746,"minecraft:interact_with_furnace":2,"minecraft:sprint_one_cm":9520,"minecraft:damage_taken":150,"minecraft:walk_one_cm":77020,"minecraft:mob_kills":9,"minecraft:drop":3,"minecraft:damage_dealt":770,"minecraft:interact_with_crafting_table":8,"minecraft:fly_one_cm":5368,"minecraft:open_chest":1,"minecraft:crouch_one_cm":1590,"minecraft:play_time":27746,"minecraft:sneak_time":440,"minecraft:jump":273,"minecraft:leave_game":3,"minecraft:time_since_death":27746,"minecraft:total_world_time":27746,"minecraft:fall_one_cm":4940},"minecraft:used":{"minecraft:wooden_axe":39,"minecraft:dark_oak_log":2,"minecraft:stone_pickaxe":134,"minecraft:wooden_pickaxe":30,"minecraft:cooked_chicken":2,"minecraft:stone_axe":39,"minecraft:torch":10,"minecraft:cobblestone":34,"minecraft:crafting_table":4,"minecraft:furnace":1},"minecraft:broken":{"minecraft:stone_pickaxe":1},"minecraft:crafted":{"minecraft:stone_shovel":1,"minecraft:crafting_table":1,"minecraft:stick":28,"minecraft:cooked_chicken":4,"minecraft:wooden_pickaxe":1,"minecraft:dark_oak_wood":3,"minecraft:stone_pickaxe":2,"minecraft:wooden_axe":1,"minecraft:furnace":1,"minecraft:dark_oak_planks":24,"minecraft:torch":40,"minecraft:stone_axe":2,"minecraft:air":0},"minecraft:killed":{"minecraft:sheep":1,"minecraft:skeleton":1,"minecraft:zombie":1,"minecraft:pig":1,"minecraft:chicken":5},"minecraft:mined":{"minecraft:furnace":1,"minecraft:dark_oak_leaves":9,"minecraft:iron_ore":2,"minecraft:fire":10,"minecraft:dark_oak_log":59,"minecraft:big_dripleaf_stem":1,"minecraft:torch":2,"minecraft:crafting_table":4,"minecraft:grass":1,"minecraft:pointed_dripstone":18,"minecraft:coal_ore":51,"minecraft:grass_block":2,"minecraft:chest":1,"minecraft:cobblestone":2,"minecraft:stone":88,"minecraft:big_dripleaf":1,"minecraft:oak_leaves":1,"minecraft:wall_torch":1}},"DataVersion":3465}